{"cameraMode":{"drawMode":0,"name":"Shaded","section":"Shading Mode"},"sceneLighting":false,"audioPlay":false,"sceneViewState":{"showFog":true,"showMaterialUpdate":false,"showSkybox":false,"showFlares":true,"showImageEffects":true,"showParticleSystems":true},"in2DMode":false,"pivot":{"x":-5.929999828338623,"y":0.6109999418258667,"z":-2.609999895095825},"rotation":{"x":0.3592841923236847,"y":-0.0005615974660031498,"z":0.0002162632590625435,"w":0.9332305788993836},"size":0.7348470091819763,"orthographic":true}