{"cameraMode":{"drawMode":0,"name":"Shaded","section":"Shading Mode"},"sceneLighting":false,"audioPlay":false,"sceneViewState":{"showFog":true,"showMaterialUpdate":false,"showSkybox":false,"showFlares":true,"showImageEffects":true,"showParticleSystems":true},"in2DMode":false,"pivot":{"x":-3.9700000286102297,"y":0.3199999928474426,"z":3.5899999141693117},"rotation":{"x":0.6200010180473328,"y":0.042309198528528216,"z":-0.03351262956857681,"w":0.7827418446540833},"size":0.7348468899726868,"orthographic":true}