{"cameraMode":{"drawMode":0,"name":"Shaded","section":"Shading Mode"},"sceneLighting":true,"audioPlay":false,"sceneViewState":{"showFog":true,"showMaterialUpdate":false,"showSkybox":true,"showFlares":true,"showImageEffects":true,"showParticleSystems":true},"in2DMode":false,"pivot":{"x":5.960464477539063e-8,"y":0.19999998807907105,"z":-3.4499998092651369},"rotation":{"x":0.16126330196857453,"y":0.10489431768655777,"z":-0.017240231856703759,"w":0.9811877012252808},"size":4.019611835479736,"orthographic":true}