{"cameraMode":{"drawMode":0,"name":"Shaded","section":"Shading Mode"},"sceneLighting":true,"audioPlay":false,"sceneViewState":{"showFog":true,"showMaterialUpdate":false,"showSkybox":true,"showFlares":true,"showImageEffects":true,"showParticleSystems":true},"in2DMode":false,"pivot":{"x":414.311279296875,"y":55.68248748779297,"z":0.0},"rotation":{"x":0.032393284142017367,"y":-0.0059957969933748249,"z":0.00019423564663156867,"w":0.9994672536849976},"size":472.9594421386719,"orthographic":true}